Workbook

Sheet README
A1: MatriKS distractor coding: distance of each distractor from the correct response
A3: Content | B3: Coding of the 126 distractors (18 items × 7) used in the distractor-distance analyses. Definition and procedure: Section 2.2.4 of the manuscript. Coding rules (R1–R14): Appendix G, Table G. Analyses: Section 2.3.3.3 and Appendix H.
A5: Sheets
A6: Consensus | B6: Final codes used in the analyses, with the rationale for each distractor. Values are identical to data/distractor_distance.csv (same rows, same column names).
A7: Rater_codes | B7: Independent codes of the two raters (MO, OE), before discussion.
A8: Agreement | B8: Inter-rater agreement on the independent codes, and comparison of the consensus with each rater (reported in Section 2.2.4). All values are formulas on the other two sheets.
A10: Columns
A11: matriks12_item, matriks88_item | B11: Item number in MatriKS 12+ and in MatriKS88 (same stimulus).
A12: distractor | B12: Response label recorded by MatriKS for the option (see data/README.md).
A13: category | B13: R = repetition, D = difference, IC = incomplete correlate, WP = wrong principle.
A14: matrix_type | B14: slot or logical (Table G, R3).
A15: missing … orientation | B15: Number of departures from the correct response on each of the seven features (Table G, Panel A). A feature can score more than 1.
A16: distance | B16: Sum of the seven counts (formula).
A17: features_changed | B17: Number of features with at least one departure, 0–7 (formula).
A18: rationale | B18: Reason for the consensus codes; rule codes (R1–R14) refer to Table G.

Sheet Consensus
A1: matriks12_item | B1: matriks88_item | C1: distractor | D1: category | E1: matrix_type | F1: missing | G1: added | H1: shape | I1: size | J1: fill | K1: line | L1: orientation | M1: distance | N1: features_changed | O1: rationale
A2: 4 | B2: 34 | C2: d.union | D2: D | E2: slot | F2: 0 | G2: 1 | H2: 1 | I2: 0 | J2: 0 | K2: 0 | L2: 0 | M2: =SUM(F2:L2) -> 2 | N2: =COUNTIF(F2:L2,">0") -> 2 | O2: Triangle → square; the four outer dots are added (one group).
A3: 4 | B3: 34 | C3: ic.flip | D3: IC | E3: slot | F3: 0 | G3: 0 | H3: 0 | I3: 0 | J3: 0 | K3: 0 | L3: 1 | M3: =SUM(F3:L3) -> 1 | N3: =COUNTIF(F3:L3,">0") -> 1 | O3: Triangle upside down. The dot has no orientation: one change only.
A4: 4 | B4: 34 | C4: ic.inc | D4: IC | E4: slot | F4: 1 | G4: 0 | H4: 0 | I4: 0 | J4: 0 | K4: 0 | L4: 0 | M4: =SUM(F4:L4) -> 1 | N4: =COUNTIF(F4:L4,">0") -> 1 | O4: Dot missing.
A5: 4 | B5: 34 | C5: ic.scale | D5: IC | E5: slot | F5: 0 | G5: 0 | H5: 0 | I5: 1 | J5: 0 | K5: 0 | L5: 0 | M5: =SUM(F5:L5) -> 1 | N5: =COUNTIF(F5:L5,">0") -> 1 | O5: Smaller dot; triangle unchanged.
A6: 4 | B6: 34 | C6: r.diag | D6: R | E6: slot | F6: 0 | G6: 0 | H6: 1 | I6: 0 | J6: 0 | K6: 0 | L6: 0 | M6: =SUM(F6:L6) -> 1 | N6: =COUNTIF(F6:L6,">0") -> 1 | O6: Triangle → hourglass in the same slot; dot unchanged.
A7: 4 | B7: 34 | C7: wp.copy | D7: WP | E7: slot | F7: 0 | G7: 0 | H7: 1 | I7: 0 | J7: 0 | K7: 0 | L7: 0 | M7: =SUM(F7:L7) -> 1 | N7: =COUNTIF(F7:L7,">0") -> 1 | O7: Triangle → square.
A8: 4 | B8: 34 | C8: wp.matrix | D8: WP | E8: slot | F8: 0 | G8: 1 | H8: 1 | I8: 0 | J8: 0 | K8: 0 | L8: 0 | M8: =SUM(F8:L8) -> 2 | N8: =COUNTIF(F8:L8,">0") -> 2 | O8: Triangle → square (or hourglass); the other figure is added.
A9: 13 | B9: 35 | C9: d.union | D9: D | E9: slot | F9: 0 | G9: 1 | H9: 2 | I9: 0 | J9: 0 | K9: 0 | L9: 0 | M9: =SUM(F9:L9) -> 3 | N9: =COUNTIF(F9:L9,">0") -> 2 | O9: Square → hexagon; X → one of the two central figures (lemniscate or hourglass); the other is added.
A10: 13 | B10: 35 | C10: ic.flip | D10: IC | E10: slot | F10: 0 | G10: 0 | H10: 0 | I10: 0 | J10: 0 | K10: 0 | L10: 1 | M10: =SUM(F10:L10) -> 1 | N10: =COUNTIF(F10:L10,">0") -> 1 | O10: Only the X rotates (becomes +): one change.
A11: 13 | B11: 35 | C11: ic.inc | D11: IC | E11: slot | F11: 1 | G11: 0 | H11: 0 | I11: 0 | J11: 0 | K11: 0 | L11: 0 | M11: =SUM(F11:L11) -> 1 | N11: =COUNTIF(F11:L11,">0") -> 1 | O11: Square missing.
A12: 13 | B12: 35 | C12: r.diag | D12: R | E12: slot | F12: 0 | G12: 0 | H12: 1 | I12: 0 | J12: 0 | K12: 0 | L12: 1 | M12: =SUM(F12:L12) -> 2 | N12: =COUNTIF(F12:L12,">0") -> 2 | O12: Square → hexagon; X → + (45° rotation).
A13: 13 | B13: 35 | C13: r.top | D13: R | E13: slot | F13: 0 | G13: 0 | H13: 1 | I13: 0 | J13: 0 | K13: 0 | L13: 0 | M13: =SUM(F13:L13) -> 1 | N13: =COUNTIF(F13:L13,">0") -> 1 | O13: Square → hexagon; X unchanged.
... A127: 47 | B127: 51 | C127: wp.matrix | D127: WP | E127: slot | F127: 0 | G127: 1 | H127: 1 | I127: 0 | J127: 1 | K127: 0 | L127: 0 | M127: =SUM(F127:L127) -> 3 | N127: =COUNTIF(F127:L127,">0") -> 3 | O127: Empty circle; pentagon added; triangle → rhombus.

Sheet Rater_codes
A1: matriks12_item | B1: matriks88_item | C1: distractor | D1: category | E1: MO_missing | F1: MO_added | G1: MO_shape | H1: MO_size | I1: MO_fill | J1: MO_line | K1: MO_orientation | L1: MO_distance | M1: OE_missing | N1: OE_added | O1: OE_shape | P1: OE_size | Q1: OE_fill | R1: OE_line | S1: OE_orientation | T1: OE_distance
A2: 4 | B2: 34 | C2: d.union | D2: D | E2: 0 | F2: 1 | G2: 1 | H2: 0 | I2: 0 | J2: 0 | K2: 0 | L2: =SUM(E2:K2) -> 2 | M2: 1 | N2: 0 | O2: 1 | P2: 0 | Q2: 0 | R2: 0 | S2: 0 | T2: =SUM(M2:S2) -> 2
A3: 4 | B3: 34 | C3: ic.flip | D3: IC | E3: 0 | F3: 0 | G3: 0 | H3: 0 | I3: 0 | J3: 0 | K3: 1 | L3: =SUM(E3:K3) -> 1 | M3: 0 | N3: 0 | O3: 0 | P3: 0 | Q3: 0 | R3: 0 | S3: 2 | T3: =SUM(M3:S3) -> 2
A4: 4 | B4: 34 | C4: ic.inc | D4: IC | E4: 1 | F4: 0 | G4: 0 | H4: 0 | I4: 0 | J4: 0 | K4: 0 | L4: =SUM(E4:K4) -> 1 | M4: 1 | N4: 0 | O4: 0 | P4: 0 | Q4: 0 | R4: 0 | S4: 0 | T4: =SUM(M4:S4) -> 1
A5: 4 | B5: 34 | C5: ic.scale | D5: IC | E5: 0 | F5: 0 | G5: 0 | H5: 1 | I5: 0 | J5: 0 | K5: 0 | L5: =SUM(E5:K5) -> 1 | M5: 0 | N5: 0 | O5: 0 | P5: 1 | Q5: 0 | R5: 0 | S5: 0 | T5: =SUM(M5:S5) -> 1
A6: 4 | B6: 34 | C6: r.diag | D6: R | E6: 0 | F6: 0 | G6: 1 | H6: 0 | I6: 0 | J6: 0 | K6: 0 | L6: =SUM(E6:K6) -> 1 | M6: 1 | N6: 0 | O6: 1 | P6: 0 | Q6: 0 | R6: 0 | S6: 0 | T6: =SUM(M6:S6) -> 2
A7: 4 | B7: 34 | C7: wp.copy | D7: WP | E7: 0 | F7: 0 | G7: 1 | H7: 0 | I7: 0 | J7: 0 | K7: 0 | L7: =SUM(E7:K7) -> 1 | M7: 1 | N7: 0 | O7: 1 | P7: 0 | Q7: 0 | R7: 0 | S7: 0 | T7: =SUM(M7:S7) -> 2
A8: 4 | B8: 34 | C8: wp.matrix | D8: WP | E8: 0 | F8: 1 | G8: 1 | H8: 0 | I8: 0 | J8: 0 | K8: 0 | L8: =SUM(E8:K8) -> 2 | M8: 1 | N8: 1 | O8: 1 | P8: 0 | Q8: 0 | R8: 0 | S8: 0 | T8: =SUM(M8:S8) -> 3
A9: 13 | B9: 35 | C9: d.union | D9: D | E9: 0 | F9: 2 | G9: 1 | H9: 0 | I9: 0 | J9: 0 | K9: 0 | L9: =SUM(E9:K9) -> 3 | M9: 2 | N9: 3 | O9: 1 | P9: 0 | Q9: 0 | R9: 0 | S9: 0 | T9: =SUM(M9:S9) -> 6
A10: 13 | B10: 35 | C10: ic.flip | D10: IC | E10: 0 | F10: 0 | G10: 0 | H10: 0 | I10: 0 | J10: 0 | K10: 1 | L10: =SUM(E10:K10) -> 1 | M10: 0 | N10: 0 | O10: 0 | P10: 0 | Q10: 0 | R10: 0 | S10: 2 | T10: =SUM(M10:S10) -> 2
A11: 13 | B11: 35 | C11: ic.inc | D11: IC | E11: 1 | F11: 0 | G11: 0 | H11: 0 | I11: 0 | J11: 0 | K11: 0 | L11: =SUM(E11:K11) -> 1 | M11: 1 | N11: 0 | O11: 0 | P11: 0 | Q11: 0 | R11: 0 | S11: 0 | T11: =SUM(M11:S11) -> 1
A12: 13 | B12: 35 | C12: r.diag | D12: R | E12: 0 | F12: 0 | G12: 1 | H12: 0 | I12: 0 | J12: 0 | K12: 1 | L12: =SUM(E12:K12) -> 2 | M12: 1 | N12: 0 | O12: 1 | P12: 0 | Q12: 0 | R12: 0 | S12: 1 | T12: =SUM(M12:S12) -> 3
A13: 13 | B13: 35 | C13: r.top | D13: R | E13: 0 | F13: 0 | G13: 1 | H13: 0 | I13: 0 | J13: 0 | K13: 0 | L13: =SUM(E13:K13) -> 1 | M13: 1 | N13: 0 | O13: 1 | P13: 0 | Q13: 0 | R13: 0 | S13: 0 | T13: =SUM(M13:S13) -> 2
... A127: 47 | B127: 51 | C127: wp.matrix | D127: WP | E127: 2 | F127: 1 | G127: 1 | H127: 0 | I127: 0 | J127: 0 | K127: 0 | L127: =SUM(E127:K127) -> 4 | M127: 1 | N127: 1 | O127: 1 | P127: 0 | Q127: 2 | R127: 0 | S127: 0 | T127: =SUM(M127:S127) -> 5

Sheet Agreement
A1: Agreement between the two raters (independent codes) and with the consensus
A2: See Section 2.2.4 for the values reported in the manuscript.
A4: Total distance: MO vs OE | B4: Value
A5: Distractors coded by both raters | B5: =SUMPRODUCT(ISNUMBER(Rater_codes!$L$2:$L$127)*ISNUMBER(Rater_codes!$T$2:$T$127)) -> 126
A6: Mean distance, MO | B6: =AVERAGE(Rater_codes!$L$2:$L$127) -> 2.2936508
A7: Mean distance, OE | B7: =AVERAGE(Rater_codes!$T$2:$T$127) -> 2.7619048
A8: Same total | B8: =SUMPRODUCT(--(Rater_codes!$L$2:$L$127=Rater_codes!$T$2:$T$127))/$B$5 -> 0.5
A9: Totals within ±1 | B9: =SUMPRODUCT(--(ABS(Rater_codes!$L$2:$L$127-Rater_codes!$T$2:$T$127)<=1))/$B$5 -> 0.84920635
A10: Spearman's ρ (mid-ranks for ties) | B10: =SUMPRODUCT((COUNTIF(Rater_codes!$L$2:$L$127,"<"&Rater_codes!$L$2:$L$127)+(COUNTIF(Rater_codes!$L$2:$L$127,Rater_codes!$L$2:$L$127)+1)/2-($B$5+1)/2)*(COUNTIF(Rater_codes!$T$2:$T$127,"<"&Rater_codes!$T$2:$T$127)+(COUNTIF(Rater_codes!$T$2:$T$127,Rater_codes!$T$2:$T$127)+1)/2-($B$5+1)/2))/SQRT(SUMPRODUCT((COUNTIF(Rater_codes!$L$2:$L$127,"<"&Rater_codes!$L$2:$L$127)+(COUNTIF(Rater_codes!$L$2:$L$127,Rater_codes!$L$2:$L$127)+1)/2-($B$5+1)/2)^2)*SUMPRODUCT((COUNTIF(Rater_codes!$T$2:$T$127,"<"&Rater_codes!$T$2:$T$127)+(COUNTIF(Rater_codes!$T$2:$T$127,Rater_codes!$T$2:$T$127)+1)/2-($B$5+1)/2)^2)) -> 0.86611451
A11: ICC(2,1), absolute agreement | B11: =B35 -> 0.77883065
A12: ICC(3,1), consistency | B12: =B36 -> 0.81455183
A14: Feature | B14: Departures, MO | C14: Departures, OE | D14: Agreement on presence | E14: Cohen's κ
A15: missing | B15: =SUM(Rater_codes!$E$2:$E$127) -> 60 | C15: =SUM(Rater_codes!$M$2:$M$127) -> 101 | D15: =SUMPRODUCT(--((Rater_codes!$E$2:$E$127>0)=(Rater_codes!$M$2:$M$127>0)))/$B$5 -> 0.6984127 | E15: =(D15-((SUMPRODUCT(--(Rater_codes!$E$2:$E$127>0))/$B$5)*(SUMPRODUCT(--(Rater_codes!$M$2:$M$127>0))/$B$5)+(1-(SUMPRODUCT(--(Rater_codes!$E$2:$E$127>0))/$B$5))*(1-(SUMPRODUCT(--(Rater_codes!$M$2:$M$127>0))/$B$5))))/(1-((SUMPRODUCT(--(Rater_codes!$E$2:$E$127>0))/$B$5)*(SUMPRODUCT(--(Rater_codes!$M$2:$M$127>0))/$B$5)+(1-(SUMPRODUCT(--(Rater_codes!$E$2:$E$127>0))/$B$5))*(1-(SUMPRODUCT(--(Rater_codes!$M$2:$M$127>0))/$B$5)))) -> 0.43564356
A16: added | B16: =SUM(Rater_codes!$F$2:$F$127) -> 84 | C16: =SUM(Rater_codes!$N$2:$N$127) -> 77 | D16: =SUMPRODUCT(--((Rater_codes!$F$2:$F$127>0)=(Rater_codes!$N$2:$N$127>0)))/$B$5 -> 0.88888889 | E16: =(D16-((SUMPRODUCT(--(Rater_codes!$F$2:$F$127>0))/$B$5)*(SUMPRODUCT(--(Rater_codes!$N$2:$N$127>0))/$B$5)+(1-(SUMPRODUCT(--(Rater_codes!$F$2:$F$127>0))/$B$5))*(1-(SUMPRODUCT(--(Rater_codes!$N$2:$N$127>0))/$B$5))))/(1-((SUMPRODUCT(--(Rater_codes!$F$2:$F$127>0))/$B$5)*(SUMPRODUCT(--(Rater_codes!$N$2:$N$127>0))/$B$5)+(1-(SUMPRODUCT(--(Rater_codes!$F$2:$F$127>0))/$B$5))*(1-(SUMPRODUCT(--(Rater_codes!$N$2:$N$127>0))/$B$5)))) -> 0.76965265
A17: shape | B17: =SUM(Rater_codes!$G$2:$G$127) -> 84 | C17: =SUM(Rater_codes!$O$2:$O$127) -> 86 | D17: =SUMPRODUCT(--((Rater_codes!$G$2:$G$127>0)=(Rater_codes!$O$2:$O$127>0)))/$B$5 -> 0.95238095 | E17: =(D17-((SUMPRODUCT(--(Rater_codes!$G$2:$G$127>0))/$B$5)*(SUMPRODUCT(--(Rater_codes!$O$2:$O$127>0))/$B$5)+(1-(SUMPRODUCT(--(Rater_codes!$G$2:$G$127>0))/$B$5))*(1-(SUMPRODUCT(--(Rater_codes!$O$2:$O$127>0))/$B$5))))/(1-((SUMPRODUCT(--(Rater_codes!$G$2:$G$127>0))/$B$5)*(SUMPRODUCT(--(Rater_codes!$O$2:$O$127>0))/$B$5)+(1-(SUMPRODUCT(--(Rater_codes!$G$2:$G$127>0))/$B$5))*(1-(SUMPRODUCT(--(Rater_codes!$O$2:$O$127>0))/$B$5)))) -> 0.89156627
A18: size | B18: =SUM(Rater_codes!$H$2:$H$127) -> 6 | C18: =SUM(Rater_codes!$P$2:$P$127) -> 8 | D18: =SUMPRODUCT(--((Rater_codes!$H$2:$H$127>0)=(Rater_codes!$P$2:$P$127>0)))/$B$5 -> 0.98412698 | E18: =(D18-((SUMPRODUCT(--(Rater_codes!$H$2:$H$127>0))/$B$5)*(SUMPRODUCT(--(Rater_codes!$P$2:$P$127>0))/$B$5)+(1-(SUMPRODUCT(--(Rater_codes!$H$2:$H$127>0))/$B$5))*(1-(SUMPRODUCT(--(Rater_codes!$P$2:$P$127>0))/$B$5))))/(1-((SUMPRODUCT(--(Rater_codes!$H$2:$H$127>0))/$B$5)*(SUMPRODUCT(--(Rater_codes!$P$2:$P$127>0))/$B$5)+(1-(SUMPRODUCT(--(Rater_codes!$H$2:$H$127>0))/$B$5))*(1-(SUMPRODUCT(--(Rater_codes!$P$2:$P$127>0))/$B$5)))) -> 0.84892086
A19: fill | B19: =SUM(Rater_codes!$I$2:$I$127) -> 18 | C19: =SUM(Rater_codes!$Q$2:$Q$127) -> 36 | D19: =SUMPRODUCT(--((Rater_codes!$I$2:$I$127>0)=(Rater_codes!$Q$2:$Q$127>0)))/$B$5 -> 0.84126984 | E19: =(D19-((SUMPRODUCT(--(Rater_codes!$I$2:$I$127>0))/$B$5)*(SUMPRODUCT(--(Rater_codes!$Q$2:$Q$127>0))/$B$5)+(1-(SUMPRODUCT(--(Rater_codes!$I$2:$I$127>0))/$B$5))*(1-(SUMPRODUCT(--(Rater_codes!$Q$2:$Q$127>0))/$B$5))))/(1-((SUMPRODUCT(--(Rater_codes!$I$2:$I$127>0))/$B$5)*(SUMPRODUCT(--(Rater_codes!$Q$2:$Q$127>0))/$B$5)+(1-(SUMPRODUCT(--(Rater_codes!$I$2:$I$127>0))/$B$5))*(1-(SUMPRODUCT(--(Rater_codes!$Q$2:$Q$127>0))/$B$5)))) -> 0.53002611
A20: line | B20: =SUM(Rater_codes!$J$2:$J$127) -> 9 | C20: =SUM(Rater_codes!$R$2:$R$127) -> 10 | D20: =SUMPRODUCT(--((Rater_codes!$J$2:$J$127>0)=(Rater_codes!$R$2:$R$127>0)))/$B$5 -> 0.94444444 | E20: =(D20-((SUMPRODUCT(--(Rater_codes!$J$2:$J$127>0))/$B$5)*(SUMPRODUCT(--(Rater_codes!$R$2:$R$127>0))/$B$5)+(1-(SUMPRODUCT(--(Rater_codes!$J$2:$J$127>0))/$B$5))*(1-(SUMPRODUCT(--(Rater_codes!$R$2:$R$127>0))/$B$5))))/(1-((SUMPRODUCT(--(Rater_codes!$J$2:$J$127>0))/$B$5)*(SUMPRODUCT(--(Rater_codes!$R$2:$R$127>0))/$B$5)+(1-(SUMPRODUCT(--(Rater_codes!$J$2:$J$127>0))/$B$5))*(1-(SUMPRODUCT(--(Rater_codes!$R$2:$R$127>0))/$B$5)))) -> 0.60162602
A21: orientation | B21: =SUM(Rater_codes!$K$2:$K$127) -> 28 | C21: =SUM(Rater_codes!$S$2:$S$127) -> 30 | D21: =SUMPRODUCT(--((Rater_codes!$K$2:$K$127>0)=(Rater_codes!$S$2:$S$127>0)))/$B$5 -> 0.94444444 | E21: =(D21-((SUMPRODUCT(--(Rater_codes!$K$2:$K$127>0))/$B$5)*(SUMPRODUCT(--(Rater_codes!$S$2:$S$127>0))/$B$5)+(1-(SUMPRODUCT(--(Rater_codes!$K$2:$K$127>0))/$B$5))*(1-(SUMPRODUCT(--(Rater_codes!$S$2:$S$127>0))/$B$5))))/(1-((SUMPRODUCT(--(Rater_codes!$K$2:$K$127>0))/$B$5)*(SUMPRODUCT(--(Rater_codes!$S$2:$S$127>0))/$B$5)+(1-(SUMPRODUCT(--(Rater_codes!$K$2:$K$127>0))/$B$5))*(1-(SUMPRODUCT(--(Rater_codes!$S$2:$S$127>0))/$B$5)))) -> 0.8372093
A22: Presence = count ≥ 1. κ is unstable for rare features (size, line); see percentage agreement.
A24: ICC calculation (Shrout & Fleiss, 1979) | B24: MO vs OE | C24: Consensus vs MO | D24: Consensus vs OE
A25: Mean, first coding | B25: =AVERAGE(Rater_codes!$L$2:$L$127) -> 2.2936508 | C25: =AVERAGE(Consensus!$M$2:$M$127) -> 2.2619048 | D25: =AVERAGE(Consensus!$M$2:$M$127) -> 2.2619048
A26: Mean, second coding | B26: =AVERAGE(Rater_codes!$T$2:$T$127) -> 2.7619048 | C26: =AVERAGE(Rater_codes!$L$2:$L$127) -> 2.2936508 | D26: =AVERAGE(Rater_codes!$T$2:$T$127) -> 2.7619048
A27: Grand mean | B27: =(B25+B26)/2 -> 2.5277778 | C27: =(C25+C26)/2 -> 2.2777778 | D27: =(D25+D26)/2 -> 2.5119048
A28: SS rows | B28: =2*SUMPRODUCT(((Rater_codes!$L$2:$L$127+Rater_codes!$T$2:$T$127)/2-B27)^2) -> 525.30556 | C28: =2*SUMPRODUCT(((Consensus!$M$2:$M$127+Rater_codes!$L$2:$L$127)/2-C27)^2) -> 497.55556 | D28: =2*SUMPRODUCT(((Consensus!$M$2:$M$127+Rater_codes!$T$2:$T$127)/2-D27)^2) -> 538.46429
A29: SS columns | B29: =$B$5*((B25-B27)^2+(B26-B27)^2) -> 13.813492 | C29: =$B$5*((C25-C27)^2+(C26-C27)^2) -> 0.063492063 | D29: =$B$5*((D25-D27)^2+(D26-D27)^2) -> 15.75
A30: SS total | B30: =SUMPRODUCT((Rater_codes!$L$2:$L$127-B27)^2)+SUMPRODUCT((Rater_codes!$T$2:$T$127-B27)^2) -> 592.80556 | C30: =SUMPRODUCT((Consensus!$M$2:$M$127-C27)^2)+SUMPRODUCT((Rater_codes!$L$2:$L$127-C27)^2) -> 518.55556 | D30: =SUMPRODUCT((Consensus!$M$2:$M$127-D27)^2)+SUMPRODUCT((Rater_codes!$T$2:$T$127-D27)^2) -> 600.96429
A31: SS error | B31: =B30-B28-B29 -> 53.686508 | C31: =C30-C28-C29 -> 20.936508 | D31: =D30-D28-D29 -> 46.75
A32: MS rows | B32: =B28/($B$5-1) -> 4.2024444 | C32: =C28/($B$5-1) -> 3.9804444 | D32: =D28/($B$5-1) -> 4.3077143
A33: MS columns | B33: =B29 -> 13.813492 | C33: =C29 -> 0.063492063 | D33: =D29 -> 15.75
A34: MS error | B34: =B31/($B$5-1) -> 0.42949206 | C34: =C31/($B$5-1) -> 0.16749206 | D34: =D31/($B$5-1) -> 0.374
A35: ICC(2,1), absolute agreement | B35: =(B32-B34)/(B32+B34+2*(B33-B34)/$B$5) -> 0.77883065 | C35: =(C32-C34)/(C32+C34+2*(C33-C34)/$B$5) -> 0.91960676 | D35: =(D32-D34)/(D32+D34+2*(D33-D34)/$B$5) -> 0.79859759
A36: ICC(3,1), consistency | B36: =(B32-B34)/(B32+B34) -> 0.81455183 | C36: =(C32-C34)/(C32+C34) -> 0.91924078 | D36: =(D32-D34)/(D32+D34) -> 0.84022946
A39: Resolution of the total distance in the consensus | B39: Distractors
A40: Raters agreed, value kept | B40: =SUMPRODUCT((Rater_codes!$L$2:$L$127=Rater_codes!$T$2:$T$127)*(Consensus!$M$2:$M$127=Rater_codes!$L$2:$L$127)) -> 58
A41: Raters agreed, value changed by a rule | B41: =SUMPRODUCT((Rater_codes!$L$2:$L$127=Rater_codes!$T$2:$T$127)*(Consensus!$M$2:$M$127<>Rater_codes!$L$2:$L$127)) -> 5
A42: Raters disagreed, resolved as MO | B42: =SUMPRODUCT((Rater_codes!$L$2:$L$127<>Rater_codes!$T$2:$T$127)*(Consensus!$M$2:$M$127=Rater_codes!$L$2:$L$127)) -> 43
A43: Raters disagreed, resolved as OE | B43: =SUMPRODUCT((Rater_codes!$L$2:$L$127<>Rater_codes!$T$2:$T$127)*(Consensus!$M$2:$M$127=Rater_codes!$T$2:$T$127)) -> 7
A44: Raters disagreed, third value | B44: =SUMPRODUCT((Rater_codes!$L$2:$L$127<>Rater_codes!$T$2:$T$127)*(Consensus!$M$2:$M$127<>Rater_codes!$L$2:$L$127)*(Consensus!$M$2:$M$127<>Rater_codes!$T$2:$T$127)) -> 13
